job_title,company,location
Data Analyst,LawDepot,"Hybrid work in Edmonton, AB"
"Senior Analyst, Clinical Analytics",Ontario Health,"Hybrid work in Toronto, ON"
IT Business Analyst,Overland Container Transportation Services Corp,"Acheson, AB"
"Business, Data & Quality Assurance Analyst",Government of Alberta,"Edmonton, AB"
Data Analyst,Jam City,Remote
Junior Analyst,Paris Jewellers,"Edmonton, AB"
Data Analyst,Hard Rock Digital,Hybrid work
database analyst,Stellar Logistical and Marketing Services Ltd,"Edmonton, AB"
Data and Reporting Analyst Co-op/Intern,NOKIA,Remote in Canada
Data Analyst,Utility Source Inc.,Remote
ETL Analyst,City of Edmonton,"Edmonton, AB"
Data Quality Analyst,Mitsubishi HC Capital Canada,"Calgary, AB"
Business Intelligence Analyst,CWB Financial Group,"Edmonton, AB"
Analyst - Data & Analytics,WestJet,"Hybrid work in Calgary, AB"
Data Analyst,University of Alberta,"Hybrid work in Edmonton, AB"
RES O 21R - Data Analyst,BC Public Service,"Abbotsford, BC"
"Senior Analyst, Environmental, Social and Governance",Lactalis Canada Inc,"Hybrid work in Etobicoke, ON"
Junior Data Analyst - Trainee Position,Yukon First Nation Education Directorate,"Whitehorse, YT"
Data Analyst,FanDuel,"Toronto, ON"
Business Data Analyst,RideCo,"Hybrid work in Waterloo, ON"
data analyst - informatics and systems,Skycruise Tech,"Brooks, AB"
ICQA Data Analyst,"Amazon Canada Fulfillment Services, ULC.","St. Thomas, ON"
Data Analyst,crbnx inc.,"Greater Toronto Area, ON"
Senior Customer Data Analyst - Remote,League Inc.,Remote
"Sr. Analyst, Data and Insights",McKesson,"Mississauga, ON"
Data Security Analyst,CWB Financial Group,"Edmonton, AB"
Data Analyst (Hybrid),Workplace Safety and Insurance Board,"Toronto, ON"
Systems Analyst,EPCOR,"Hybrid work in Edmonton, AB"
GIS Analyst - Data,The Corporation of the City of Markham,"Markham, ON"
Business Intelligence Analyst,WorkSafeNB,"Saint John, NB"
GIS Analyst - Data,The Corporation of the City of Markham,"Markham, ON"
Data Governance Analyst,TD Bank,"Toronto, ON"
Analyst,Government of Alberta,"Edmonton, AB"
Business Analyst,GDS,"Remote in Greater Toronto Area, ON"
Business Analyst (Epic Project),Newfoundland and Labrador Centre for Health...,Hybrid work in Newfoundland and Labrador
Business Analyst,Island Health,"Remote in Nanaimo, BC"
RES O 24R - Marketing Data Analyst,BC Public Service,Hybrid work in British Columbia
Data Analyst,Invafresh,"Mississauga, ON"
GTFS Data Analyst,MobilityData,"Montréal, QC"
Exploration Data Analyst/Programmer,Canadian Natural,"Calgary, AB"
Data Analyst,CI Financial,"Hybrid work in Toronto, ON"
Data Analyst Intermediate,"MobileComm, Inc.","Don Mills, ON"
Data Analyst,PERI,"Bolton, ON"
Senior Data Analyst,Dawn InfoTek Inc.,"Hybrid work in Toronto, ON"
Jr. Business Analyst,PHSA,"Vancouver, BC"
Evergreen - Business Analyst - Winnipeg (Remote for Winnipeg),Togetherwork Talent Community,"Remote in Winnipeg, MB"
Data Analyst,Nanometrics Inc,"Ottawa, ON"
Study Coordinator/Data Analyst,Western University,"London, ON"
Data & Analytics - Lead Data Analyst,Aritzia,"Vancouver, BC"
Business Intelligence Analyst,OpenCircle Association,"Edmonton, AB"
(Remote) Business Analyst,Harris Computer Systems,Remote in Alberta
Cybersecurity Awareness Analyst,Atco Ltd.,"Calgary, AB"
Business Analyst Intern (Part-time),Hikvision Canada,"Mississauga, ON"
Business and Data Analyst,Connexall,"Hybrid work in North York, ON"
Intermediate Data Analyst,SNDL,"Edmonton, AB"
"Analyst, Data valorization",Desjardins,"Remote in Montréal, QC"
Business Intelligence Analyst,Sobeys,"Calgary, AB"
Data Analyst - Informatics and Systems,Snaplii,"Mississauga, ON"
Data Analyst,Lifemark Health Group,"Hybrid work in Toronto, ON"
Business Intelligence Analyst,Farm Credit Canada,"Regina, SK"
Data Analyst,Lifemark Health Group,"Hybrid work in Toronto, ON"
"Analyst, Product Management",CIBC,"Toronto, ON"
GenAI Business Analyst,Paralucent,Remote
Data Analyst,Veeva Systems,"Toronto, ON"
Data Analyst (ERP),Vantix Systems Inc,"Remote in Edmonton, AB"
Early Careers: Compensation Analyst Intern – Summer 2024,WTW,"Montréal, QC"
Data Analyst,Mindshare,"Toronto, ON"
"Co-op, Strategic Insights Analyst, Fall 2024",Loblaw Companies Limited,"Hybrid work in Brampton, ON"
Data Analyst,Invafresh,"Mississauga, ON"
database analyst,SR CARGO WORLD INC.,"Edmonton, AB"
Data Analyst - Contract,DP World,"Burnaby, BC"
Data Quality Analyst,Equifax,"Toronto, ON"
Data Migration Analyst,WELL Health Technologies Corp,"Toronto, ON"
"Co-op. Research Operations Analyst, Fall 2024",Loblaw Companies Limited,"Hybrid work in Brampton, ON"
SME - Urban Agriculture Research Analyst,Durham College,"Whitby, ON"
Supply Chain Insights Analyst,Federated Co-operatives Limited,Canada
Data Analyst,ATB Financial,"Hybrid work in Calgary, AB"
Marketing Data Analyst,Ubisoft,"Montréal, QC"
Senior Data Analyst,Wave HQ,Remote
Business Analyst,Cloudtrend Inc.,"Edmonton, AB"
Data Analyst - Credit Risk,Dawn InfoTek Inc.,"Hybrid work in Toronto, ON"
Product Data Analyst,CONFORMiT,"Saguenay, QC"
Senior Data Engineering Analyst,City of Edmonton,"Edmonton, AB"
Tourism Research Analyst,Discover Halifax,"Hybrid work in Halifax, NS"
Business Analyst,City of Calgary,"Calgary, AB"
Business Analyst,Teck Resources Limited,"Sparwood, BC"
"2024 Fall - CAO, Analyst - Data Stewardship Intern (4 Months)",Royal Bank of Canada,"Toronto, ON"
Senior Data Analyst,Electronic Arts,"Vancouver, BC"
Business Intelligence (BI) Analyst,TAQA,"Hybrid work in Calgary, AB"
Data Analyst Intern,Product Care Association of Canada,"Hybrid work in Vancouver, BC"
Copy of Data Analyst and Solution Developer,INLAN,Remote
"Information and Data Analyst, Population Health Observatory",Fraser Health,"Surrey, BC"
data analyst - informatics and systems,Pearl Technologies LTD.,"Toronto, ON"
Junior Business Analyst,RPM TECHNOLOGIES CORP,"Toronto, ON"
Senior Health Workforce Analyst,Government of Alberta,"Edmonton, AB"
BI Analyst & Report Developer,Mini Mall Storage Properties,"Calgary, AB"
Web Analyst,Samsara,Remote
Health & Safety Business Analyst,Atco Ltd.,"Calgary, AB"
Market Analyst (12 month contract),Canadian National Railway,"Calgary, AB"
Senior BI Engineer,COREL CORPORATION USA,"Waterloo, ON"
Data Analyst,CTConsultants,"Hybrid work in Montréal, QC"
BI Engineer,Electronic Arts,"Vancouver, BC"
Gaming Data Analyst,BlazeSoft,"Concord, ON"
Data Governance Analyst,Alberta Motor Association,"Edmonton, AB"
Business & Policy Analyst,Simon Fraser University,"Burnaby, BC"
"Junior Analyst, Business & ERP",SECURE Energy,"Calgary, AB"
IT Business Analyst,Pinnacle Career Network,"Hybrid work in Vaughan, ON"
data analyst - informatics and systems,CBK INTERNATIONAL INC,"Mississauga, ON"
Microsoft Dynamics Business Analyst,Harris Corrections - Harris Computer Guardian...,Remote
FP&A Analyst,Busbud,Remote
QA Analyst,Dialpad,"Kitchener, ON"
Business Analyst - Software/Tech Company,Monark,"Remote in Surrey, BC"
Investigation Analyst,Manulife,"Waterloo, ON"
Data Management & Governance Analyst/ Specialist,Roche,"Mississauga, ON"
Knowledge Graph Data Analyst,Schema App,"Remote in Guelph, ON"
"Data Analyst, CAADSI",Fraser Health,"Hybrid work in Surrey, BC"
Business Systems Analyst Administrative Position: Full-Time (Temporary),The King's University (CA),"Edmonton, AB"
Policy Analyst,City of Winnipeg,"Winnipeg, MB"
Reporting and BI Lead,EZOPS,"Remote in Edmonton, AB"
BI Developer,Watson Building Supplies,"Vaughan, ON"
"Data Analyst, CAADSI",Fraser Health,"Hybrid work in Surrey, BC"
Business Systems Analyst Administrative Position: Full-Time (Temporary),The King's University (CA),"Edmonton, AB"
BI Developer,Watson Building Supplies,"Vaughan, ON"
IT Business Analyst,City of Richmond Hill,"Richmond Hill, ON"
Policy Analyst,City of Winnipeg,"Winnipeg, MB"
Reporting and BI Lead,EZOPS,"Remote in Edmonton, AB"
Senior Accounting Analyst,Charger Logistics Inc,"Brampton, ON"
Signal Processing Engineer and Data Analyst,INLAN,Remote
Business Data Analyst,BlazeSoft,"Vaughan, ON"
Vendor Data Support Analyst,Loblaw Companies Limited,"Brampton, ON"
Record & Information Management Analyst (Records Analyst II),Province of Nova Scotia,"Halifax, NS"
Data Analyst,Youville Haussmann Park,"Hybrid work in Montréal, QC"
Data Analyst (DAD/NACRS Coder) - Decision Support - Temporary Full-Time 2024-7887,Sunnybrook Health Sciences Centre,"Toronto, ON"
"Analyst, Group Benefits",Lloyd Sadd Insurance Brokers,"Edmonton, AB"
DATA ANALYST,HKJ Marketing,"Richmond, BC"
"Analyst, Digital Operations & Display",Canadian Tire Corporation,"Hybrid work in Toronto, ON"
"Analyst II, Strategic Insights",Affirm,"Remote in Toronto, ON"
Key Accounts Business Analyst Co-op - Fall,Hydro One Networks Inc,"Toronto, ON"
"Sr Analyst, Pred Modelling",Rogers Communications,"Toronto, ON"
"Business Analyst- Reconciliation With Certification (CBAP, CCBA, AAC)",Epsilon Solutions,"Mississauga, ON"
Risk Analyst Co-op,PC Financial,"Toronto, ON"
Solution Analyst,Rightsline,"Remote in Toronto, ON"
Senior Data Analyst,Scene+,"Toronto, ON"
Senior Data Analyst,OGGN Inc.,Remote
Data Analyst (2),Vantix Systems Inc,"Hybrid work in Edmonton, AB"
Business Systems Analyst - Intermediate,Insurance Corporation of British Columbia,"Hybrid work in North Vancouver, BC"
"Operations Analyst, Data Centre Operations-Information Technologies",The University of Calgary,"Calgary, AB"
GIS Analyst,Drivewyze,"Edmonton, AB"
Analyste Sénior.e / Senior Analyst - Data and Analytics (DnA),Electronic Arts,"Montréal, QC"
"Business Analyst, Operations Support and Analytics",Canadian Tire Corporation,"Mississauga, ON"
data warehouse analyst,VISAY TECHNOLOGIES INC,"Edmonton, AB"
business data analyst,Print Three,"Etobicoke, ON"
database analyst,Heritage Investment Corp,"Sherwood Park, AB"
GIS Data Analyst,Pinchin Ltd.,"Greater Sudbury, ON"
Business Data Analyst,BridgePoint Financial Group,"Hybrid work in Toronto, ON"
"Research Analyst, Academic Experience",University of Toronto,"Hybrid work in Mississauga, ON"
Senior Business Analyst,Canada Life Assurance Company,"London, ON"
Health Human Resource Analyst & Health Workforce Analyst,Government of Alberta,"Edmonton, AB"
Operations Research Analyst,Sophos,Canada
"Analyst, EHS Data Stewardship & Reporting",AltaGas,"Calgary, AB"
Analyst,Des Nedhe Management Inc,"Saskatoon, SK"
Resource Analyst,Silvacom Group,"Hybrid work in Edmonton, AB"
Data Analyst & Site Administration,Nutrien,"Red Deer, AB"
Velocity - Data Analyst Internship/Co-Op - Fall 2024,Scotiabank,"Toronto, ON"
"Data Analyst & Quality Improvement Lead, Mental Health – Ref #2024-074",Sioux Lookout First Nations Health Authority,"Sioux Lookout, ON"
Data Lineage Analyst,AppTad Technologies Pvt Ltd,"Toronto, ON"
business systems analyst,Be Epic Inc.,"Edmonton, AB"
Health Records Data Analyst - Health Records (CEN),Scarborough Health Network,"Toronto, ON"
Business Intelligence Developer Co-op Fall Season 2024,Ericsson,"Hybrid work in Ottawa, ON"
Business Analyst,SAIT,"Calgary, AB"
IT Business System Analyst,NOVONIX,Remote
"Analyst, Human Intelligence",Daniel J. Edelman Holdings,"Toronto, ON"
Business Intelligence Specialist,Construction and Equipment Divisional Services,"Saint John, NB"
Reliability Analyst,Porter Airlines Inc.,"Toronto, ON"
Senior Integrations Analyst - Data,fusionSpan,Remote
database analyst,Lacsay Solutions Inc.,"Fort Saskatchewan, AB"
business data analyst,IRIS R&D Group Inc.,"Burlington, ON"
business systems analyst,Minestar GP Ltd,"Millet, AB"
Data Analyst,IntegrateIT,"Winnipeg, MB"
business data analyst,Yukt Marketing INC,"Brampton, ON"
business data analyst,Yukt Marketing INC,"Brampton, ON"
business systems analyst,Minestar GP Ltd,"Millet, AB"
Data Analyst,IntegrateIT,"Winnipeg, MB"
"Database Analyst (Mainframe/TSO (JCL/ PROC, ISPF) and Mainframe SAS)",Dawn InfoTek Inc.,"Hybrid work in Toronto, ON"
Pension Business Analyst (Remote),Avenu Insights & Analytics,Remote in Canada
Senior Business Data and Policy Analyst,Government of Saskatchewan,"Regina, SK"
Brand Insights Analyst,Arc'teryx,"Hybrid work in North Vancouver, BC"
DLP Analyst,Zebra Technologies,"Hybrid work in Mississauga, ON"
Data Analyst and Labeller (VC Backed Top 20 Music Company Globally),Beatdapp,"Vancouver, BC"
Customer Insights Analyst,Nestle Operational Services Worldwide SA,"Montréal, QC"
Data Analyst (Event Analysis and Insight),DRW,"Montréal, QC"
ADMN O 24R - Policy Analyst,BC Public Service,British Columbia
"Analyst, Master Data Services",Gay Lea Foods,"Mississauga, ON"
data analyst - informatics and systems,JK Contracting and Consulting Inc.,"Burlington, ON"
business systems analyst,ANA TECHNOLOGY,"Edmonton, AB"
data analyst - informatics and systems,O2 Consulting,"Regina, SK"
SENIOR BUSINESS & SYSTEMS ANALYST,City of Toronto,"Toronto, ON"
"Business Data Analyst, Product",EXL Services,"Toronto, ON"
Business Analyst MIS & Analytics - Tahoe,Scotiabank,"Mississauga, ON"
Business Data Analyst- Inventory Management,Crown Food Service Equipment,"North York, ON"
business systems analyst,Gold Valley Daycare & Osc,"Leduc, AB"
Senior Business Analyst,Scotiabank,"Toronto, ON"
Product Data Analyst - T7100-2-C,GS1 Canada,"Hybrid work in Toronto, ON"
Business Intelligence Data Architect,Loopio,"Remote in Hub, NS"
Business Analyst - Senior,Dawn InfoTek Inc.,"Hybrid work in Guelph, ON"
Workforce Analyst,Aviva,"Hybrid work in Markham, ON"
IT (information technology) business analyst,QualPro Systems Inc.,"North York, ON"
Fall 2024 Co-op: Business Analyst (4 Months),CGI,"Toronto, ON"
"Analyst, Digital Health Systems",First Nations Health Authority,"Hybrid work in Metro Vancouver Regional District, BC"
Business Analyst (Contract),Intelliware Development Inc.,"Hybrid work in Toronto, ON"
Business Analyst - Senior,Dawn InfoTek Inc.,"Hybrid work in Guelph, ON"
Workforce Analyst,Aviva,"Hybrid work in Markham, ON"
Business Analyst (Contract),Intelliware Development Inc.,"Hybrid work in Toronto, ON"
IT (information technology) business analyst,QualPro Systems Inc.,"North York, ON"
Fall 2024 Co-op: Business Analyst (4 Months),CGI,"Toronto, ON"
"Business Analyst, SQL and Google Cloud",TELUS,"Remote in Toronto, ON"
"Analyst, Digital Health Systems",First Nations Health Authority,"Hybrid work in Metro Vancouver Regional District, BC"
"Analyst, Decision Support and Evaluation",Reconnect Community Health Services,"Toronto, ON"
Category Business Analyst ( Evergreen),Canadian Tire Corporation,"Hybrid work in Toronto, ON"
Senior Data Analyst,Aviva,"Hybrid work in Markham, ON"
"Analyst, Business Analytics",Mattamy Homes,"Mississauga, ON"
Asset Management Consultant and Data Analyst,GM BluePlan Engineering,"Guelph, ON"
Power BI Data analyst CO-OP,Mondelēz International,"Toronto, ON"
"Analyst, Low-Rise Asset Management",Greybrook,"Toronto, ON"
"Analyst, Economic Policy & Sustainability",Airports Council International,"Hybrid work in Montréal, QC"
Senior Data Analyst,DarkVision,"Vancouver, BC"
Business Systems Analyst,York University,"Toronto, ON"
Data Operations Analyst,Manulife,"Waterloo, ON"
"Analyst, Information Systems & Knowledge Management",Fraser Health,"Surrey, BC"
Data Business Analyst,Specsavers,"Hybrid work in Burnaby, BC"
business data analyst,Siga Home Comfort Inc.,"North York, ON"
Business Intelligence Specialist,Dawn InfoTek Inc.,"Hybrid work in Toronto, ON"
"Business Analyst, Health Information System",Grand River Hospital,"Kitchener, ON"
"Data analyst, sales and customer behavior",Vosker,"Hybrid work in Montréal, QC"
Business Systems Analyst II,CI Financial,"Hybrid work in Toronto, ON"
Functional Analyst,Medavie Blue Cross,New Brunswick
Systems Business Analyst,Royal Bank of Canada,"Bedford, NS"
Senior QA Analyst,Vantix Systems Inc,"Remote in Edmonton, AB"
Business Analyst,OGGN Inc.,Remote
Analyste de données / Data Analyst,Tenoris3,"Montréal, QC"
"Data analyst, sales and customer behavior",Vosker,"Hybrid work in Montréal, QC"
Business Systems Analyst II,CI Financial,"Hybrid work in Toronto, ON"
Systems Business Analyst,Royal Bank of Canada,"Bedford, NS"
Analyste de données / Data Analyst,Tenoris3,"Montréal, QC"
Senior QA Analyst,Vantix Systems Inc,"Remote in Edmonton, AB"
Business Analyst,OGGN Inc.,Remote
Junior GIS Analyst,Canadian Fiber Optics,"Hybrid work in Calgary, AB"
"Business Intelligence Developer, Scotiabank",Scotiabank,"Hybrid work in Toronto, ON"
"Analyst, Underwriting",Munich Reinsurance Company of Canada,"Hybrid work in Toronto, ON"
database analyst,EPIC - Educational Program Innovations Center,"Mississauga, ON"
2024 CFO - Fall Data Analyst - Wholesale Finance Data Strategy (4 Months),Royal Bank of Canada,"Toronto, ON"
Investment Data Governance Analyst,Healthcare of Ontario Pension Plan (HOOPP),"Toronto, ON"
"Analyst, Performance Programs",Canadian Air Transport Security Authority,"Hybrid work in Ottawa, ON"
DEVELOPER / DATA ANALYST,AXIS Database Marketing,"Mississauga, ON"
Senior Analyst Performance,Canadian Security Intelligence Service,"Ottawa, ON"
ARO Analyst,360 Engineering & Environmental Consulting Ltd.,"Hybrid work in Calgary, AB"
Lead Data Quality Analyst,Equifax,"Toronto, ON"
database analyst,Professional IT Experts Inc,"Calgary, AB"
Business System Analyst,Maplesoft Group,"Hybrid work in Ottawa, ON"
Asset Management Analyst,City of St. Catharines,"Hybrid work in St. Catharines, ON"
Charity Gaming Analyst,City of Mississauga,"Mississauga, ON"
Compensation Research Analyst - Provincial,Nova Scotia Health Authority,"Halifax, NS"
Agile Business Analyst,Global Excel Management,"Sherbrooke, QC"
Master Data Analyst,Blue Sky Resources Ltd.,"Calgary, AB"
Business Analyst/Quality Assurance Specialist,MCAN Mortgage Corporation,"Remote in Toronto, ON"
Health Information Analyst,St. Mary’s General Hospital,"Hybrid work in Kitchener, ON"
Business Insight Analyst - Temporary,Air Canada,"Dorval, QC"
Business Analyst,AlertDriving,"Toronto, ON"
Business Analyst,MGIS,"Ottawa, ON"
Sales Analyst,Apryse,Remote in Ontario
Software Quality Assurance Analyst,Colliers,"Toronto, ON"
Business Analyst,CGI,"Ottawa, ON"
Business Analyst,CSI Consulting,"Mississauga, ON"
Business Data Analyst - New Division,Breakthru Beverage Group,"Toronto, ON"
Senior Business Data Analyst (12-16 month term),Alberta Motor Association,"Remote in Edmonton, AB"
database analyst,ADVENT INFRATECH LIMITED,"Calgary, AB"
Performance Media Analyst,iProspect,"Toronto, ON"
"Analyst, Health System Analytics",Canadian Institute for Health Information,"Toronto, ON"
Senior Business Analyst,Providence Healthcare,"Vancouver, BC"
Senior BI Data Engineer,Hard Rock Digital,Hybrid work
Business Analyst,CRC,"Hybrid work in Toronto, ON"
Power BI Consultant,Jump Analytics,"Toronto, ON"
database analyst,Canpro Consulting Inc.,"Surrey, BC"
Business Analyst,PHSA,"Vancouver, BC"
"2024 CFO, Fall Data Analyst, Financial Resource Optimization (8 Months)",Royal Bank of Canada,"Toronto, ON"
Actuarial Analyst,THE EMPIRE LIFE INS. CO,"Remote in Kingston, ON"
Business Analyst,n! biomachines Ltd.,"Burlington, ON"
Business Analyst and Project Support,PHSA,"Vancouver, BC"
database analyst,NANSUN TECHNOLOGIES INC.,"Beaumont, AB"
"Business Intelligence Sales Representative, Looker",Google,"Toronto, ON"
Business Intelligence Manager,Saxxunderwear,Remote
DATA ANALYST,Canada-Europe Ltd.,"Montréal, QC"
Change Analyst,Aviva,"Hybrid work in Toronto, ON"
Digital Marketing Analyst,FortisBC,"Surrey, BC"
Research Analyst,iData Research,"Burnaby, BC"
Data Analyst,Solution SFT,"Hybrid work in Saint-Laurent, QC"
"Analyst, Loyalty",Four Seasons,"Hybrid work in Toronto, ON"
Manufacturing Analyst,Vista,"Windsor, ON"
"Fall 2024 Capital Markets, Data & Reporting Analyst",BMO Financial Group,"Toronto, ON"
Senior Modelling and Insights Analyst,Canadian Tire Corporation,"Hybrid work in Oakville, ON"
Senior Business Systems Analyst,CIBC,"Toronto, ON"
Intermediate Data and Security Analyst,EnGlobe Corp.,"Remote in Ottawa, ON"
"Manager, Business Intelligence & Analytics - Canadian Business Banking",Scotiabank,"Toronto, ON"
database analyst,R.E. ROYAL TRADING INC.,"Concord, ON"
IT Business Analyst – 4-month Co-op/Internship (Fall 2024),Intact,"Hybrid work in Montréal, QC"
Senior BI Developer/Analyst,Colliers,"Toronto, ON"
"Sr. Analyst, Staples Preferred Program",Staples,"Richmond Hill, ON"
Senior BI Engineer,Parallels,"Montréal, QC"
Team Lead – Data Analyst,Cirque du Soleil,"Hybrid work in Montréal, QC"
Sales and Purchasing Data Analyst,Avmax Careers - Canada,"Calgary, AB"
database analyst (DBA),BioAro Inc.,"Calgary, AB"
Consultant / Economic Analyst,OVMA,"Hybrid work in Milton, ON"
Clinical Research Analyst,University Health Network,"Princess Margaret, ON"
Senior Business Analyst - Strategy and Analytics,Capital One,"Hybrid work in Toronto, ON"
Market Research Analyst,The Minto Group,"Toronto, ON"
Consultant / Economic Analyst,OVMA,"Hybrid work in Milton, ON"
Market Research Analyst,The Minto Group,"Toronto, ON"
Clinical Research Analyst,University Health Network,"Princess Margaret, ON"
Senior Business Analyst - Strategy and Analytics,Capital One,"Hybrid work in Toronto, ON"
Senior Data Analyst,Olsen Consulting,"Calgary, AB"
Analyst/Administrative Assistant,Vancouver Coastal Health,"Richmond, BC"
Settlement Analyst,Rodan Energy Solutions Inc.,"Mississauga, ON"
Business Analyst,Fix Network,"Burlington, ON"
"Wind Energy Analyst, Renewable Energy",WSP,"Edmonton, AB"
"Analyst, Business Intelligence",Vancouver Whitecaps FC,"Hybrid work in Vancouver, BC"
Business Systems Analyst,StandardFusion,"Vancouver, BC"
database analyst,Nautical Consulting Group Ltd.,"Surrey, BC"
Senior Data Analyst / Database developer (PL571),Paralucent,"Hybrid work in Toronto, ON"
Senior Business Intelligence and Data Integration Developer,AGCO,"Toronto, ON"
Intermediate Business Analyst,Home Trust Company,"Toronto, ON"
Research Analyst,"Blake, Cassels & Graydon LLP","Hybrid work in Toronto, ON"
database analyst,FINXSYSTEMS TECHNOLOGY INC.,"Surrey, BC"
Senior Business Analyst - Tangerine,Tangerine,"Remote in Toronto, ON"
Data Management Analyst (1 year contract),Stella-Jones Inc.,"Montréal, QC"
Process Improvement Analyst,University of Toronto,"Toronto, ON"
Accounts Receivable (A/R) Analyst (6-month Contract) (Hybrid),Broadridge,"Toronto, ON"
IM Business Analyst,Messa,"Ottawa, ON"
Quality Assurance Analyst,Teleperformance,"Toronto, ON"
database analyst,A2Z Networks Inc,"Burnaby, BC"
database analyst,Meta Connections Inc.,"Chilliwack, BC"
Business Intelligence Analyst,Sarku Japan,"Hybrid work in Markham, ON"
Business Analyst,Cloud SynApps,"Mississauga, ON"
database analyst,Minestar GP Ltd,"Millet, AB"
Business Analyst,Canada-West Assurance,"Winnipeg, MB"
SPC Data Analyst,Magellan Aerospace,"Winnipeg, MB"
IT Business Analyst – Allegro & Power & Natural Gas,Trafigura,"Calgary, AB"
Data Engineering Analyst,Seaspan ULC,"Hybrid work in North Vancouver, BC"
Product Analyst - ONSITE/HYBRID,NTT DATA,"Toronto, ON"
Community Partnership Analyst,Halton Region,"Hybrid work in Halton, ON"
"Analyst, Business Insights",CI Financial,"Hybrid work in Toronto, ON"
"Senior IT Business Analyst (MFE Data & Insights) - Mississauga, CAD- w2",Techprism.inc,"Mississauga, ON"
Data Analyst - KENWAVE SOLUTIONS INC.,Kenaidan,"Greater Toronto Area, ON"
Senior Credit Analyst,Liebherr-Canada Ltd.,"Hybrid work in Burlington, ON"
Business Intelligence Engineer,British Columbia Investment Management Corporation...,"Victoria, BC"
Payroll Data Analyst - Dayforce implementation- 1 Year...,Trevor Frances Recruitment,"Hybrid work in Aurora, ON"
Business Analyst - Mental Health and Substance Use Services,Fraser Health,"Surrey, BC"
Analyst HR Analytics 18 months contract,Sobeys,"Dartmouth, NS"
"Senior Data Analyst, Lodging",Hopper,"Toronto, ON"
"Analyst, Life Cycle",City of Ottawa,"Ottawa, ON"
Senior Business Analyst – Information Technology,Alberta Blue Cross,Remote
Senior Pension Business Analyst (Remote),Avenu Insights & Analytics,"Remote in Mississauga, ON"
"Analyst, Business Systems",University of the Fraser Valley,"Abbotsford, BC"
Business Analyst (SaaS Product Management),LodgeLink,"Hybrid work in Calgary, AB"
"Health Care Business Analyst - Halifax, NS",Hashmap,"Halifax, NS"
"Business Intelligence Developer Co-Op, Supply Chain",Loblaw Companies Limited,"Hybrid work in Brampton, ON"
Senior Business Analyst,ThoughtStorm Inc,"Halifax, NS"
Data Warehouse Analyst,Zero11,"Abbotsford, BC"
Market Research & Budget Analyst,KIA CANADA INC,"Mississauga, ON"
Business Analyst (Amdocs Ensemble Billing/MPS/CSM Experience Mandatory),Zenith System Solutions Inc.,"Toronto, ON"
Business Systems Analyst,College of Registered Nurses of Manitoba (CRNM),"Hybrid work in Winnipeg, MB"
"Senior Data Analyst, ITS",Geotab,"Oakville, ON"
Business Analyst,CAE,"Saint-Laurent, QC"
Business Analyst 0107-0915,Foilcon,"Guelph, ON"
Evaluation Analyst,Michael Smith Health Research BC,"Hybrid work in Vancouver, BC"
Power Business Intelligence Developer,Fix Network,"Hybrid work in Burnaby, BC"
"Senior Data Analyst, CAADSI",Fraser Health,"Hybrid work in Surrey, BC"
Actuarial Analyst (Co-op Student) (Hybrid),Ontario Pension Board,"Toronto, ON"
"Senior Analyst, Business Initiatives & Analyst, JFL",Jarislowsky Fraser,"Toronto, ON"
IT Controls & Compliance Analyst – Information Technology,Alberta Blue Cross,Remote
Business Process Analyst,Healthcare & Municipal Employees' Credit Union,"Hybrid work in Hamilton, ON"
Sr. BI & Analytics Specialist,Federated Co-operatives Limited,"Saskatoon, SK"
Analyst - Decision Support,Orillia Soldiers' Memorial Hospital,"Orillia, ON"
"Systems Analyst, Cloud and Data Center",JDI IT,"Dartmouth, NS"
Analyst (Hybrid Role),Tjene Corp,"Toronto, ON"
"Sr. Research Analyst, Future of Work (13 month contract)","International Data Group, Inc.","Hybrid work in Toronto, ON"
Senior Business Analyst,CTConsultants,"Hybrid work in Montréal, QC"
Senior Revenue Strategy Analyst,1Password,Remote
Senior Strategic Analyst,National Research Council Canada,"Ottawa, ON"
Analyste de données senior - Senior data analyst,Gameloft Montréal,"Montréal, QC"
database analyst,Infitious Technologies,"Hamilton, ON"
"Systems Analyst, Cloud and Data Center",JDI IT,"Dartmouth, NS"
Analyst (Hybrid Role),Tjene Corp,"Toronto, ON"
"Sr. Research Analyst, Future of Work (13 month contract)","International Data Group, Inc.","Hybrid work in Toronto, ON"
Senior Business Analyst,CTConsultants,"Hybrid work in Montréal, QC"
Senior Revenue Strategy Analyst,1Password,Remote
database analyst,Infitious Technologies,"Hamilton, ON"
Senior Strategic Analyst,National Research Council Canada,"Ottawa, ON"
Analyste de données senior - Senior data analyst,Gameloft Montréal,"Montréal, QC"
Senior Laboratory Analyst (Inventory) ***Amendment to salary range,Canadian Food Inspection Agency,"Winnipeg, MB"
"Senior Analyst - Live Service, The Sims™",Electronic Arts,"Vancouver, BC"
Forecast Business Analyst,Scarsin,"Uxbridge, ON"
Senior Data Analyst,Vantix Systems Inc,"Remote in Edmonton, AB"
Strategic Risk Growth Analyst,Vault Credit Corporation,"Hybrid work in Toronto, ON"
Sr. Data Analyst (Renal & Oncology Program),Michael Garron Hospital,"Toronto, ON"
"analyst, database",A.P.H INTERNATIONAL LTD.,"Mississauga, ON"
Marketing Analyst (Summer Contract),Baker Tilly Canada,"Windsor, ON"
"Senior Treasury Analyst (Virtual, Canada)",SIRVA,"Remote in Mississauga, ON"
IT Business Analyst,Spark Power,"Oakville, ON"
IT (information technology) business analyst,KDigitalLabs INC,"Toronto, ON"
"Senior Data Analyst, Investment Finance & Valuations",OMERS,"Toronto, ON"
Operations Business Analyst,Dawn InfoTek Inc.,"Hybrid work in Toronto, ON"
"Senior Business Systems Analyst, Workday",The Salvation Army Canada and Bermuda,"Toronto, ON"
Variable Data Programmer - Analyst,Formost mediaOne,"Brampton, ON"
Senior Gaming Business Data Analyst,BlazeSoft,"Concord, ON"
database analyst,ED Tech Solutions Inc.,"Surrey, BC"
artificial intelligence (AI) analyst,Airy3D Inc.,"Montréal, QC"
business data analyst,FRIENDS FREIGHTLINES INC,"Brampton, ON"
Corporate Asset Management Analyst,City of Kingston,"Kingston, ON"
Senior Data and Business Intelligence Engineer,Colliers,"Toronto, ON"
Scrum Master/Business Analyst,GHD,"Toronto, ON"
Business Analyst,InSync,"Calgary, AB"
Technical Analyst - IT Fire Systems (Business Analyst 2),City of Burnaby,"Burnaby, BC"
Business Analyst (12 Month Contract),Flinks,"Remote in Toronto, ON"
Business Insights Analyst,Syngenta Crop Protection,"Calgary, AB"
"Analyst, Merchant Pricing",Amex,"Toronto, ON"
Pavement Analyst - Infrastructure Management & Pavement Engineering,Stantec,"Waterloo, ON"
big data analyst,Mehome Real Estate Services Inc.,"Richmond, BC"
Supply Chain Analyst,Cavendish Farms,"Hybrid work in Dieppe, NB"
Application/Infrastructure Support Analyst - DCIM,Royal Bank of Canada,"Toronto, ON"
information systems business analyst,Emerald Financial,"Beaumont, AB"
Business Process Analyst,Canada Computers Inc.,"Richmond Hill, ON"
"Category Analyst, Consumables",Pet Valu,"Markham, ON"
Sr. Business Systems Analyst,La-Z-Boy,"Hybrid work in Headquarters, BC"
data analyst - informatics and systems,Colours of Punjabi Event Organization Inc.,"Surrey, BC"
Fall 2024 Co-op: Resource Management Analyst (8 Months),CGI,"Toronto, ON"
Upcoming: Murex Back Office Business Analyst,Bounteous,Canada
"Remote Bilingual Fraud Analyst, Contact Center (French/English)",Banque de Montréal,"Remote in Quebec City, QC"
Compensation Analyst - 1 year contract,"Raymond James Financial, Inc.","Toronto, ON"
Business System Analyst,APITable Ltd.,"Hybrid work in Markham, ON"
Business Analyst,Cargojet Airways LTD.,"Mississauga, ON"
Business Systems Analyst & Coordinator,University of Toronto,"Toronto, ON"
Sr eCommerce Analyst - Eway.ca,Staples,"Mississauga, ON"
"Analyst, Consulting - Performance Improvement & Operational Excellence (May or September 2025 Start Date)",mnp,"Toronto, ON"
Senior Business Analyst,Macadamian,"Remote in Gatineau, QC"
"Project Controls Analyst / Reporting Analyst - Metrolinx, Ontario Line",Bantrel,"Toronto, ON"
Analyst Compensation,Purolator,"Mississauga, ON"
business data analyst,Sodales Solutions Inc,"Toronto, ON"
Oncology Clinical Informatics Analyst,Southlake Regional Health Centre,"Newmarket, ON"
"Senior Analyst, Digital Solutions",Canadian Institute for Health Information,"Toronto, ON"
Capgemini Invent - SQL Server / Azure Data Analyst,Capgemini,"Vancouver, BC"
Senior Digital Analyst,Saje Natural Wellness,"Vancouver, BC"
business systems analyst,KIDS VALLEY DAYCARE & OSC,"Leduc, AB"
"2024 Fall - GRM, Risk Analyst - Portfolio Risk Oversight Intern (4 Months)",Royal Bank of Canada,"Toronto, ON"
Business Analyst - Senior,Atlantis IT group,"Hybrid work in Toronto, ON"
Senior Business Analyst,Royal Bank of Canada,"Toronto, ON"
Business System Analyst,Atlantis IT group,"Toronto, ON"
Fraud and Risk Analyst,BlazeSoft,"Concord, ON"
IT (information technology) business analyst,Marshall IT Services Ltd.,"Calgary, AB"
Senior Systems/Data Analyst,Mackenzie Financial Corporation,"Hybrid work in Toronto, ON"
Pendo Analyst,Caret,"Remote in Toronto, ON"
Data Analyst (Level 3),Intero Integrity,"Toronto, ON"
Head of Data Analytics and Business Intelligence North America,ZEISS Group,"Hybrid work in Toronto, ON"
Production Control Analyst,ABC Technologies,"Windsor, ON"
Distribution & Geospatial Intelligence Analyst Intern/Co-op (FALL 2024),TD Bank,"Toronto, ON"
Inventory Data Analyst,Bombardier,"Dorval, QC"
"2024 Fall - GRM, Risk Analyst - Portfolio Risk Oversight Intern (4 Months)",Royal Bank of Canada,"Toronto, ON"
Business Analyst - Senior,Atlantis IT group,"Hybrid work in Toronto, ON"
Senior Business Analyst,Royal Bank of Canada,"Toronto, ON"
Business System Analyst,Atlantis IT group,"Toronto, ON"
Fraud and Risk Analyst,BlazeSoft,"Concord, ON"
IT (information technology) business analyst,Marshall IT Services Ltd.,"Calgary, AB"
Senior Systems/Data Analyst,Mackenzie Financial Corporation,"Hybrid work in Toronto, ON"
Pendo Analyst,Caret,"Remote in Toronto, ON"
Head of Data Analytics and Business Intelligence North America,ZEISS Group,"Hybrid work in Toronto, ON"
Inventory Data Analyst,Bombardier,"Dorval, QC"
Production Control Analyst,ABC Technologies,"Windsor, ON"
Distribution & Geospatial Intelligence Analyst Intern/Co-op (FALL 2024),TD Bank,"Toronto, ON"
Revenue Operations Analyst / Data Specialist - FS323,Fresche Solutions,"Montréal, QC"
ERP Business System Analyst,ATS Corporation,"Cambridge, ON"
Business Systems Analyst,Lordco Parts Ltd.,"Port Coquitlam, BC"
Senior IT Business Analyst,Masco Canada,"St. Thomas, ON"
"Senior Analyst, Trade Desk Support",BMO Financial Group,"Toronto, ON"
Business System Analyst with Payments and Payplus experience 10+Year,epsilonsolutions,"Toronto, ON"
"Senior Analyst, Business & Customer Insights",Loblaw Companies Limited,"Brampton, ON"
Supply Chain Sr Analyst,McCain Foods (Canada),"Toronto, ON"
Principal Analyst,Office of the Superintendent of Financial...,"Toronto, ON"
Staff Data Analyst (Product Analytics),Match Group,"Hybrid work in Vancouver, BC"
"Business Analyst, Product Support",CI Financial,"Hybrid work in Toronto, ON"
"Senior Analyst, Data & Analytics - Data Technical Lead",Air Canada,"Dorval, QC"
"Strategy & Operations Analyst, Capital IQ Solutions",S&P Global,"Toronto, ON"
Loss Prevention Fraud Analyst,TJX Canada,"Mississauga, ON"
"Technical Business Analyst, Capital Markets Technology, eFX",Scotiabank,"Toronto, ON"
Upcoming: Murex Front Office Business Analyst,Bounteous,Canada
Expert Data Warehouse / Data Engineer / Data Analyst (m/w/d),THIMM Group GmbH + Co. KG,"Engineer, BC"
Business System Analyst -Regulatory reporting,CGI,"Hybrid work in Toronto, ON"
IT Business Analyst,Nortera,"Brossard, QC"
"Supply Chain Compliance Analyst, Co-Op",Loblaw Companies Limited,"Hybrid work in Brampton, ON"
Business Analyst - Senior,Arthur Grand Technologies Inc,"Guelph, ON"
System Integration Analyst,MetaFactor,"Calgary, AB"
Sales Reporting Analyst (hybrid),Questrade Financial Group,"Toronto, ON"
"Senior Analyst/Manager, Risk Management",Crypto.com,Remote
business systems analyst,Pragra Incorporated,"Brampton, ON"
Business Analyst (Derivatives),Atlantis IT group,"Toronto, ON"
HRIS Analyst,EMCO Corporation,"London, ON"
"Business Analyst, Sales & Operations",Intelligent Fabric Technologies (North America),"Hybrid work in Unionville, ON"
"Senior Manager, Business Intelligence & Analytics",Xplore Inc.,"Markham, ON"
IT (information technology) business analyst,ACCELARIS GROUP INC,"Mississauga, ON"
data analyst - informatics and systems,Snaplii Inc.,"Mississauga, ON"
Project Business Analyst (ERP),City of Burnaby,"Burnaby, BC"
Senior Business Analyst - Digital Performance,National Bank of Canada,"Hybrid work in Montréal, QC"
"Senior Manager, Business Intelligence & Analytics",Xplore Inc.,"Markham, ON"
IT (information technology) business analyst,ACCELARIS GROUP INC,"Mississauga, ON"
Senior Business Analyst - Digital Performance,National Bank of Canada,"Hybrid work in Montréal, QC"
data analyst - informatics and systems,Snaplii Inc.,"Mississauga, ON"
Project Business Analyst (ERP),City of Burnaby,"Burnaby, BC"
Business Analyst,PixMob,"Montréal, QC"
Change Management Analyst,Score Media and Gaming Inc.,"Remote in Toronto, ON"
Implementation Services Analyst - T2200-29-P,GS1 Canada,"Hybrid work in North York, ON"
Ingenium Software Business Analyst,DXC Technology,Ontario
"Business Analyst, Trading Platform",OMERS,"Hybrid work in Toronto, ON"
Python Data Analyst,TV2 Consulting,"Hybrid work in Toronto, ON"
MONTREAL [HYBRIDE] - Application Support Analyst (intermediate),Quanteam North America,"Hybrid work in Montréal, QC"
Investment Analyst (Real Estate),Boardwalk,"Calgary, AB"
Sr. Business Information Analyst,Sagen,"Oakville, ON"
Senior Business Systems Analyst,Northbridge Financial Corporation,"Toronto, ON"
"202404-3113 - Director, Finance and Business Intelligence",Workplace Safety & Prevention Services,Remote
Master Data Management Analyst,Metrie,"Hybrid work in Vancouver, BC"
Jr. Global Sourcing Analyst,Trojan Technologies,"London, ON"
Senior Business Intelligence Engineer - EA FC (Temporary Full Time),Electronic Arts,"Vancouver, BC"
Global Data Analyst,Dentons,Remote
"Analyst, Revenue Management and Pricing",Advantage Group International,"Hybrid work in Toronto, ON"
Operations Analyst,Intelcom,"Montréal, QC"
database analyst,Monterra Projects Ltd.,"Courtenay, BC"
"Engineering Analyst (Hybrid: Toronto, ON) - Hybrid",Enbridge Contingent Talent Community,"Hybrid work in North York, ON"
"Doctor Preference Card (DPC) Clerk/Inventory Analyst, Operating Room - Ridge Meadows Hospital (RMH)",Fraser Health,"Maple Ridge, BC"
Head of Business Intelligence,Accentio Group,"Toronto, ON"
business systems analyst,Zortech Solutions Inc.,"Mississauga, ON"
Airports Procurement & BI Specialist (12-Month Contract),Sunwing Vacations Group,"Hybrid work in Toronto, ON"
Business Analyst,amaris,"Vancouver, BC"
Analyste de données / Data Analyst,Genetec,"Hybrid work in Montréal, QC"
Evaluation Survey Coordinator & Data Analyst (12-Month Mat leave coverage),Mitacs,"Remote in Ottawa, ON"
Senior Revenue Operations Analyst - Toronto (hybrid work),Rewind Software,"Hybrid work in Toronto, ON"
Senior RevOps Analyst,Caseware,"Hybrid work in Toronto, ON"
Senior Business Analyst (Asset & Liability Management) - (Hybrid - Toronto),CAPCO,"Toronto, ON"
Performance and Analytics Analyst,Northumberland Hills Hospital,"Cobourg, ON"
Pricing/ Business Analyst,Midland Transport,"Hybrid work in Dieppe, NB"
Engineering Analyst- Supply Chain,Best Buy,"Langley, BC"
"analyst, computer systems",Podium Catchers Consultant Inc.,"Vancouver, BC"
Programmer Analyst - Intern,IAMGOLD,"Brossard, QC"
Board Certified Behaviour Analyst (BCBA),Roots & Tales Clinic,"Richmond Hill, ON"
Risk Management & Business Reporting Analyst,AtkinsRéalis,"Mississauga, ON"
Senior Actuarial Analyst,LifeWorks,"Halifax, NS"
Technical Business Analyst,VERB Interactive,"Remote in Halifax, NS"
Supply Chain Analyst,ITN Food Corporation,"Vaughan, ON"
Scientific analyst programmer inventory (IT-02 / IT-03),Environment and Climate Change Canada,"Dorval, QC"
Analyste d'affaires - Master Data ( Contrat 12 mois) / Master Data Business Analyst ( 12 month contract),McKesson,"Saint-Laurent, QC"
Senior Business Analyst (Halifax),Mariner Innovations,"Halifax, NS"
database analyst,KP Technologies Ltd.,"Calgary, AB"
"Analyst, Privacy & Data Protection",EspaceProprio,"Hybrid work in Montréal, QC"
SR CATEGORY ANALYST,CROSSMARK,"Hybrid work in Mississauga, ON"
Trust Business Intelligence Lead,Autodesk,"Toronto, ON"
database analyst,WS & Company Ltd.,"Scarborough, ON"
Supply Chain Replenishment Analyst,Loblaw Companies Limited,"Cambridge, ON"
"Business Analyst, Sales",Joseph Ribkoff,"Montréal, QC"
marketing analyst,Mediafy Digital Ltd.,"Vancouver, BC"
database analyst,Rebellion Logistics Inc.,"Dartmouth, NS"
Principal Bioinformatics Analyst - REMOTE,Revvity,Remote in Ontario
database analyst,Avari Wireless Corporation,"Burnaby, BC"
Senior Business Intelligence Developer,fgf brands,"Greater Toronto Area, ON"
Senior Health and Benefits Analyst,WTW,"Calgary, AB"
HRIS ANALYST,MSC - Mediterranean Shipping Company,"Montréal, QC"
Procurement Analyst,ETN,"Montréal, QC"
Sr. Business Intelligence Developer,LG Electronics Canada,"Toronto, ON"
"Sales Analyst - Personal Health (Hybrid, Ontario)",Philips,"Mississauga, ON"
Senior Business Analyst (6 Month Contract),Blanc Labs,"Hybrid work in Toronto, ON"
Business Solutions and Operations Analyst,BGIS,"Vancouver, BC"
Platform and Process Analyst,GardaWorld,"Montréal, QC"
Senior Revenue Operations Analyst - New Business Territory Management,1Password,Remote
business systems analyst,QUANTAM SOFTWARE APPLICATION SERVICES LTD.,"Calgary, AB"
Electronic Data Interchange (EDI) Analyst,Nature's Path Foods,"Richmond, BC"
Asset Investment Analyst,Toronto Hydro,"Hybrid work in Toronto, ON"
Vibration Analyst (Canada),AP Dynamics,"Calgary, AB"
database analyst,ACE COMPUTER DESIGNS LTD.,"Calgary, AB"
Senior IMatch Operations Support Analyst,BMO Financial Group,"Toronto, ON"
HRIS Analyst,PRICE INDUSTRIES LIMITED,"Winnipeg, MB"
PMO Analyst,Jolera Inc.,"Toronto, ON"
Actuarial Analyst,AIG,"Toronto, ON"
Supply Chain Analyst,Sonora Foods Ltd,"Brampton, ON"
Strategic Customer Analyst,Irving Consumer Products,"Toronto, ON"
Business Analyst Capital Market,Atlantis IT group,"Toronto, ON"
Accounts Receivable Cash Application Analyst,EMCO Corporation,"London, ON"
Business Analyst,RST Industries,"Saint John, NB"
"Payroll Analyst, Payroll Implementation",Magna International Inc.,"Aurora, ON"
Power BI Developer 7226-1510,Foilcon,"Toronto, ON"
"Client Solutions Analyst, Digital Marketing",Kepler Group,"Toronto, ON"
"Lead, Quality Assurance Analyst",CGI,"Vancouver, BC"
Parts Inventory Analyst,TCAT Div of Toromont Industries Ltd,"Concord, ON"
"Senior Cyber Security Analyst, EIAM Onboarding",Royal Bank of Canada,"Toronto, ON"
Retail Merchandising and Inventory Analyst,Lindt & Sprungli,"Toronto, ON"
Market Research Analyst,Fidelity Investments,"Toronto, ON"
Senior Systems/Data Analyst,IG Wealth Management,"Hybrid work in Winnipeg, MB"
Treasury Analyst,Caseware,"Hybrid work in Toronto, ON"
"Manager, Business Intelligence, Retail Banner Group",McKesson,"Mississauga, ON"
"Senior Data Analyst, Data Management IT",Doctors of BC,"Vancouver, BC"
Field Engineering Support (Reliability Analyst),ALSTOM,"Toronto, ON"
Research Analyst,University of Toronto,"Toronto, ON"
Senior Technical Data Analyst,System1,"Hybrid work in Guelph, ON"
"Business Analyst, Contract Management/System Optimization",Fraser Health,"Hybrid work in Surrey, BC"
Compliance Analyst,Irving Business Services,"Saint John, NB"
database analyst,Infinity Wealth Solutions Inc.,"Hannon, ON"
business systems analyst,Ktaria's Management INC.,"Mississauga, ON"
Risk Analyst,Canadian Nuclear Laboratories,"Whiteshell, MB"
Programmer Analyst,Pollard Banknote Limited,"Winnipeg, MB"
"Analyst, Operations Asset Management","Connor, Clark & Lunn Financial Group","Toronto, ON"
Global Benefits Claims Analyst,Aon Corporation,"Montréal, QC"
Payments Business Analyst,Lightspeed,"Montréal, QC"
Technical Analyst,Sapiens,"Toronto, ON"
JDE Business Analyst,Communications and Power Ind. Canada Inc,"Georgetown, ON"
Business Analyst,Umbra,"Scarborough, ON"
business systems analyst,DEROLA TECHNOLOGIES,"Edmonton, AB"
systems analyst,Helios Retail Consulting Limited,"Oakville, ON"
Business Analyst,Net Solutions India,"Toronto, ON"
artificial intelligence (AI) analyst,Cansight Technology Corporation,"Victoria, BC"
"Business Analyst, Private Markets (Infrastructure and Private Equity)",OMERS,"Hybrid work in Toronto, ON"
Executive Compensation Analyst,Institutional Shareholder Services,"Toronto, ON"
iMIS Consultant / Business Analyst,Bursting Silver,"Toronto, ON"
business systems analyst,Transpring canada Corp,"Mississauga, ON"
Logistics Analyst,"McCain Foods USA, Inc.","Toronto, ON"
Delivery and Product Analytics Analyst,Coast Capital Savings,"Surrey, BC"
"Senior Analyst, Business Intelligence & Insight",Specialty Health Network Inc.,"Mississauga, ON"
Business Operations Analyst,Nanometrics Inc,"Ottawa, ON"
"Health Care Business Analyst - Halifax, NS",NTT DATA,"Halifax, NS"
Business Analyst,FortNine,"Hybrid work in Montréal, QC"
Business Intelligence Specialist 7254-2512,Foilcon,"Toronto, ON"
"Business Analyst, Consultant - Risk and Regulatory Reporting",Cognizant Technology Solutions,"Toronto, ON"
regional development analyst,Mandi Guys Inc.,"London, ON"
Analyst II - Functional,Westlake Careers,"Vaughan, ON"
Reinsurance Analyst,RGA,"Montréal, QC"
database analyst,Budget T-Shirt Ltd.,"Coquitlam, BC"
Business Intelligence Analyst,Clio,"Hybrid work in Vancouver, BC"
"Senior Analyst, Business Renewables Centre Canada",The Pembina Institute,"Calgary, AB"
Sales and Service Optimization Analyst,AutoTrader.ca,"Hybrid work in Greater Toronto Area, ON"
Quality Assurance & Regulatory Affairs Analyst,Intellijoint Surgical,"Hybrid work in Kitchener, ON"
Project Controls Analyst,AECOM,"Hybrid work in Calgary, AB"
Senior Digital Analyst,War Room Holdings,"Hybrid work in Vancouver, BC"
Actuarial Analyst,Ontario Medical Association,"Hybrid work in Toronto, ON"
Machine Learning Analyst Instructor (Sessional),Red Deer Polytechnic,"Red Deer, AB"
ADMN O 24R - Senior Contract Performance Analyst – Closing date extended,BC Public Service,British Columbia
GIS Analyst,Louisiana-Pacific Corporation,"Dawson Creek, BC"
Analyst Strategic Sourcing 18 months contract,Sobeys,"Mississauga, ON"
Manager of Business Intelligence,Canadian Addiction Treatment Centers,"Markham, ON"
Business Systems Architect/Analyst,SS&C,"Hybrid work in Toronto, ON"
Systems Analyst 7257-2512,Foilcon,"Toronto, ON"
Portfolio Construction Analyst,Fidelity Investments,"Toronto, ON"
Sr. PMO Analyst,Sapiens,"Remote in Toronto, ON"
Carbon Capture Analyst,Carbon Engineering Ltd.,"Squamish, BC"
Operations Analyst,Draiver,"Brampton, ON"
IT Business Process Analyst,Ground Effects Ltd.,"Windsor, ON"
business systems analyst,D2SOL CANADA INC,"Ottawa, ON"
Non-Union – Business Intelligence IT Analyst,Lennox and Addington County General Hospital,"Greater Napanee, ON"
Systems Analyst 7257-2512,Foilcon,"Toronto, ON"
Portfolio Construction Analyst,Fidelity Investments,"Toronto, ON"
Sr. PMO Analyst,Sapiens,"Remote in Toronto, ON"
Carbon Capture Analyst,Carbon Engineering Ltd.,"Squamish, BC"
Operations Analyst,Draiver,"Brampton, ON"
Non-Union – Business Intelligence IT Analyst,Lennox and Addington County General Hospital,"Greater Napanee, ON"
IT Business Process Analyst,Ground Effects Ltd.,"Windsor, ON"
business systems analyst,D2SOL CANADA INC,"Ottawa, ON"
Business Development Analyst,NorLand Limited,"Burnaby, BC"
Information Privacy Analyst,University of Waterloo,"Waterloo, ON"
database analyst,Falcon Consultech Services Inc,"Calgary, AB"
sales analyst,LOAD KING TRANSPORT INC.,"Woodbridge, ON"
Production Inventory Analyst,IKO Industries Ltd.,"Brampton, ON"
ADP Workforce Now Analyst,Pursuit Collection,"Calgary, AB"
Business Systems Analyst,KF Aerospace,"Kelowna, BC"
"Senior Analyst, Business Renewables Centre Canada",The Pembina Institute,"Calgary, AB"
Sales and Service Optimization Analyst,AutoTrader.ca,"Hybrid work in Greater Toronto Area, ON"
Senior Digital Analyst,War Room Holdings,"Hybrid work in Vancouver, BC"
Quality Assurance & Regulatory Affairs Analyst,Intellijoint Surgical,"Hybrid work in Kitchener, ON"
Project Controls Analyst,AECOM,"Hybrid work in Calgary, AB"
Logistics and Inventory Analyst,Irving Shipbuilding,"Halifax, NS"
Business System Analyst,Virox Technologies Inc.,"Oakville, ON"
Real Estate Lease Analyst & Reporting Specialist,Altus Group,"Toronto, ON"
Senior Business Analyst,Healthcare of Ontario Pension Plan (HOOPP),"Toronto, ON"
BUSINESS ANALYST,SBX Solutions,"Brossard, QC"
Business Analyst- H/F/X,Société Générale,"Hybrid work in Montréal, QC"
"Business Analyst, Supply Chain",BRP,"Sherbrooke, QC"
information technology (IT) business analyst,Enterprise Analytics,"Remote in Georgetown, ON"
Ceridian Implementation - Data Analyst - 1 Year Contract,Trevor Frances Recruitment,"Hybrid work in Aurora, ON"
Business System Analyst with Capital Market with EOL(End of Life) experience 10+Year,epsilonsolutions,"Toronto, ON"
Actuarial Analyst,Ontario Medical Association,"Hybrid work in Toronto, ON"
Machine Learning Analyst Instructor (Sessional),Red Deer Polytechnic,"Red Deer, AB"
ADMN O 24R - Senior Contract Performance Analyst – Closing date extended,BC Public Service,British Columbia
GIS Analyst,Louisiana-Pacific Corporation,"Dawson Creek, BC"
Analyst Strategic Sourcing 18 months contract,Sobeys,"Mississauga, ON"
Manager of Business Intelligence,Canadian Addiction Treatment Centers,"Markham, ON"
Business Systems Architect/Analyst,SS&C,"Hybrid work in Toronto, ON"
Systems Analyst 7257-2512,Foilcon,"Toronto, ON"
Portfolio Construction Analyst,Fidelity Investments,"Toronto, ON"
Sr. PMO Analyst,Sapiens,"Remote in Toronto, ON"
Carbon Capture Analyst,Carbon Engineering Ltd.,"Squamish, BC"
Operations Analyst,Draiver,"Brampton, ON"
IT Business Process Analyst,Ground Effects Ltd.,"Windsor, ON"
business systems analyst,D2SOL CANADA INC,"Ottawa, ON"
Non-Union – Business Intelligence IT Analyst,Lennox and Addington County General Hospital,"Greater Napanee, ON"
Project Controls Analyst,AECOM,"Hybrid work in Calgary, AB"
Logistics and Inventory Analyst,Irving Shipbuilding,"Halifax, NS"
Business System Analyst,Virox Technologies Inc.,"Oakville, ON"
Real Estate Lease Analyst & Reporting Specialist,Altus Group,"Toronto, ON"
Senior Business Analyst,Healthcare of Ontario Pension Plan (HOOPP),"Toronto, ON"
BUSINESS ANALYST,SBX Solutions,"Brossard, QC"
Business Analyst- H/F/X,Société Générale,"Hybrid work in Montréal, QC"
"Business Analyst, Supply Chain",BRP,"Sherbrooke, QC"
Business System Analyst with Capital Market with EOL(End of Life) experience 10+Year,epsilonsolutions,"Toronto, ON"
information technology (IT) business analyst,Enterprise Analytics,"Remote in Georgetown, ON"
Ceridian Implementation - Data Analyst - 1 Year Contract,Trevor Frances Recruitment,"Hybrid work in Aurora, ON"
Part-Time Lecturer Master of Information Design and Data Visualization,Northeastern University,"Vancouver, BC"
Actuarial Analyst,Ontario Medical Association,"Hybrid work in Toronto, ON"
Machine Learning Analyst Instructor (Sessional),Red Deer Polytechnic,"Red Deer, AB"
Business Analyst - EDI,LBMX,"London, ON"
"Senior Analyst, Business Renewables Centre Canada",The Pembina Institute,"Calgary, AB"
Sales and Service Optimization Analyst,AutoTrader.ca,"Hybrid work in Greater Toronto Area, ON"
Senior Digital Analyst,War Room Holdings,"Hybrid work in Vancouver, BC"
Quality Assurance & Regulatory Affairs Analyst,Intellijoint Surgical,"Hybrid work in Kitchener, ON"
Project Controls Analyst,AECOM,"Hybrid work in Calgary, AB"
Logistics and Inventory Analyst,Irving Shipbuilding,"Halifax, NS"
Business System Analyst,Virox Technologies Inc.,"Oakville, ON"
Real Estate Lease Analyst & Reporting Specialist,Altus Group,"Toronto, ON"
Senior Business Analyst,Healthcare of Ontario Pension Plan (HOOPP),"Toronto, ON"
BUSINESS ANALYST,SBX Solutions,"Brossard, QC"
Business Analyst- H/F/X,Société Générale,"Hybrid work in Montréal, QC"
"Business Analyst, Supply Chain",BRP,"Sherbrooke, QC"
information technology (IT) business analyst,Enterprise Analytics,"Remote in Georgetown, ON"
Ceridian Implementation - Data Analyst - 1 Year Contract,Trevor Frances Recruitment,"Hybrid work in Aurora, ON"
Business System Analyst with Capital Market with EOL(End of Life) experience 10+Year,epsilonsolutions,"Toronto, ON"
Business Intelligence Analyst,Clio,"Hybrid work in Vancouver, BC"
"Senior Analyst, Business Renewables Centre Canada",The Pembina Institute,"Calgary, AB"
Senior Digital Analyst,War Room Holdings,"Hybrid work in Vancouver, BC"
Quality Assurance & Regulatory Affairs Analyst,Intellijoint Surgical,"Hybrid work in Kitchener, ON"
Project Controls Analyst,AECOM,"Hybrid work in Calgary, AB"
Logistics and Inventory Analyst,Irving Shipbuilding,"Halifax, NS"
Business System Analyst,Virox Technologies Inc.,"Oakville, ON"
Real Estate Lease Analyst & Reporting Specialist,Altus Group,"Toronto, ON"
Senior Business Analyst,Healthcare of Ontario Pension Plan (HOOPP),"Toronto, ON"
BUSINESS ANALYST,SBX Solutions,"Brossard, QC"
Business Analyst- H/F/X,Société Générale,"Hybrid work in Montréal, QC"
"Business Analyst, Supply Chain",BRP,"Sherbrooke, QC"
information technology (IT) business analyst,Enterprise Analytics,"Remote in Georgetown, ON"
Ceridian Implementation - Data Analyst - 1 Year Contract,Trevor Frances Recruitment,"Hybrid work in Aurora, ON"
Business System Analyst with Capital Market with EOL(End of Life) experience 10+Year,epsilonsolutions,"Toronto, ON"
"Senior Analyst, Business Renewables Centre Canada",The Pembina Institute,"Calgary, AB"
Sales and Service Optimization Analyst,AutoTrader.ca,"Hybrid work in Greater Toronto Area, ON"
Senior Digital Analyst,War Room Holdings,"Hybrid work in Vancouver, BC"
Quality Assurance & Regulatory Affairs Analyst,Intellijoint Surgical,"Hybrid work in Kitchener, ON"
Project Controls Analyst,AECOM,"Hybrid work in Calgary, AB"
Logistics and Inventory Analyst,Irving Shipbuilding,"Halifax, NS"
Business System Analyst,Virox Technologies Inc.,"Oakville, ON"
Real Estate Lease Analyst & Reporting Specialist,Altus Group,"Toronto, ON"
Senior Business Analyst,Healthcare of Ontario Pension Plan (HOOPP),"Toronto, ON"
BUSINESS ANALYST,SBX Solutions,"Brossard, QC"
Business Analyst- H/F/X,Société Générale,"Hybrid work in Montréal, QC"
"Business Analyst, Supply Chain",BRP,"Sherbrooke, QC"
information technology (IT) business analyst,Enterprise Analytics,"Remote in Georgetown, ON"
Ceridian Implementation - Data Analyst - 1 Year Contract,Trevor Frances Recruitment,"Hybrid work in Aurora, ON"
Business System Analyst with Capital Market with EOL(End of Life) experience 10+Year,epsilonsolutions,"Toronto, ON"
"Business Analyst, Consultant - Risk and Regulatory Reporting",Cognizant Technology Solutions,"Toronto, ON"
regional development analyst,Mandi Guys Inc.,"London, ON"
Analyst II - Functional,Westlake Careers,"Vaughan, ON"
Reinsurance Analyst,RGA,"Montréal, QC"
database analyst,Budget T-Shirt Ltd.,"Coquitlam, BC"
Business Intelligence Analyst,Clio,"Hybrid work in Vancouver, BC"
"Senior Analyst, Business Renewables Centre Canada",The Pembina Institute,"Calgary, AB"
Sales and Service Optimization Analyst,AutoTrader.ca,"Hybrid work in Greater Toronto Area, ON"
Senior Digital Analyst,War Room Holdings,"Hybrid work in Vancouver, BC"
Quality Assurance & Regulatory Affairs Analyst,Intellijoint Surgical,"Hybrid work in Kitchener, ON"
Project Controls Analyst,AECOM,"Hybrid work in Calgary, AB"
Logistics and Inventory Analyst,Irving Shipbuilding,"Halifax, NS"
Real Estate Lease Analyst & Reporting Specialist,Altus Group,"Toronto, ON"
Senior Business Analyst,Healthcare of Ontario Pension Plan (HOOPP),"Toronto, ON"
Business System Analyst,Virox Technologies Inc.,"Oakville, ON"
IT Business Process Analyst,Ground Effects Ltd.,"Windsor, ON"
business systems analyst,D2SOL CANADA INC,"Ottawa, ON"
Business Development Analyst,NorLand Limited,"Burnaby, BC"
Information Privacy Analyst,University of Waterloo,"Waterloo, ON"
database analyst,Falcon Consultech Services Inc,"Calgary, AB"
sales analyst,LOAD KING TRANSPORT INC.,"Woodbridge, ON"
Business Systems Analyst,KF Aerospace,"Kelowna, BC"
Production Inventory Analyst,IKO Industries Ltd.,"Brampton, ON"
business systems analyst,CLYDE RIVER CONSULTANTS INC.,"Mississauga, ON"
ERP Programmer Analyst (PeopleSoft),IBM,"Ottawa, ON"
"Senior Analyst, Policy",Canadian Association of Petroleum Producers,"Calgary, AB"
Senior analyst improvement of technological tools,National Bank of Canada,"Montréal, QC"
Business Analyst- Credit e-Trading,Overbond,"Toronto, ON"
Systems Engineering Analyst (Underwater Acoustics),General Dynamics Mission Systems - Canada,"Hybrid work in Ottawa, ON"
data analyst - informatics and systems,Tosca Floors Inc.,"Mississauga, ON"
Reinsurance Analyst,RGA,"Montréal, QC"
database analyst,Budget T-Shirt Ltd.,"Coquitlam, BC"
Business Intelligence Analyst,Clio,"Hybrid work in Vancouver, BC"
"Senior Analyst, Business Renewables Centre Canada",The Pembina Institute,"Calgary, AB"
Sales and Service Optimization Analyst,AutoTrader.ca,"Hybrid work in Greater Toronto Area, ON"
Senior Digital Analyst,War Room Holdings,"Hybrid work in Vancouver, BC"
Quality Assurance & Regulatory Affairs Analyst,Intellijoint Surgical,"Hybrid work in Kitchener, ON"
Project Controls Analyst,AECOM,"Hybrid work in Calgary, AB"
Logistics and Inventory Analyst,Irving Shipbuilding,"Halifax, NS"
Business System Analyst,Virox Technologies Inc.,"Oakville, ON"
Real Estate Lease Analyst & Reporting Specialist,Altus Group,"Toronto, ON"
Senior Business Analyst,Healthcare of Ontario Pension Plan (HOOPP),"Toronto, ON"
Business Analyst- H/F/X,Société Générale,"Hybrid work in Montréal, QC"
"Business Analyst, Supply Chain",BRP,"Sherbrooke, QC"
BUSINESS ANALYST,SBX Solutions,"Brossard, QC"
Real Estate Lease Analyst & Reporting Specialist,Altus Group,"Toronto, ON"
Senior Business Analyst,Healthcare of Ontario Pension Plan (HOOPP),"Toronto, ON"
BUSINESS ANALYST,SBX Solutions,"Brossard, QC"
Business Analyst- H/F/X,Société Générale,"Hybrid work in Montréal, QC"
"Business Analyst, Supply Chain",BRP,"Sherbrooke, QC"
Business System Analyst with Capital Market with EOL(End of Life) experience 10+Year,epsilonsolutions,"Toronto, ON"
information technology (IT) business analyst,Enterprise Analytics,"Remote in Georgetown, ON"
Ceridian Implementation - Data Analyst - 1 Year Contract,Trevor Frances Recruitment,"Hybrid work in Aurora, ON"
Part-Time Lecturer Master of Information Design and Data Visualization,Northeastern University,"Vancouver, BC"
Business Analyst - EDI,LBMX,"London, ON"
Actuarial Analyst,Ontario Medical Association,"Hybrid work in Toronto, ON"
Machine Learning Analyst Instructor (Sessional),Red Deer Polytechnic,"Red Deer, AB"
GIS Analyst,Louisiana-Pacific Corporation,"Dawson Creek, BC"
Analyst Strategic Sourcing 18 months contract,Sobeys,"Mississauga, ON"
ADMN O 24R - Senior Contract Performance Analyst – Closing date extended,BC Public Service,British Columbia
Business Intelligence Analyst,Clio,"Hybrid work in Vancouver, BC"
"Senior Analyst, Business Renewables Centre Canada",The Pembina Institute,"Calgary, AB"
Senior Digital Analyst,War Room Holdings,"Hybrid work in Vancouver, BC"
Quality Assurance & Regulatory Affairs Analyst,Intellijoint Surgical,"Hybrid work in Kitchener, ON"
Project Controls Analyst,AECOM,"Hybrid work in Calgary, AB"
Logistics and Inventory Analyst,Irving Shipbuilding,"Halifax, NS"
Business System Analyst,Virox Technologies Inc.,"Oakville, ON"
Real Estate Lease Analyst & Reporting Specialist,Altus Group,"Toronto, ON"
Senior Business Analyst,Healthcare of Ontario Pension Plan (HOOPP),"Toronto, ON"
BUSINESS ANALYST,SBX Solutions,"Brossard, QC"
Business Analyst- H/F/X,Société Générale,"Hybrid work in Montréal, QC"
"Business Analyst, Supply Chain",BRP,"Sherbrooke, QC"
information technology (IT) business analyst,Enterprise Analytics,"Remote in Georgetown, ON"
Ceridian Implementation - Data Analyst - 1 Year Contract,Trevor Frances Recruitment,"Hybrid work in Aurora, ON"
Business System Analyst with Capital Market with EOL(End of Life) experience 10+Year,epsilonsolutions,"Toronto, ON"
Analyste sénior.e (processus de gouvernance des données) / Senior Analyst (Data Governance Process Analyst),Electronic Arts,"Hybrid work in Montréal, QC"
Operation Support Services Analyst,Toronto Hydro,"Hybrid work in Toronto, ON"
Business Operations Analyst,Nanometrics Inc,"Ottawa, ON"
Business Analyst,FortNine,"Hybrid work in Montréal, QC"
Business Intelligence Specialist 7254-2512,Foilcon,"Toronto, ON"
"Business Analyst, Consultant - Risk and Regulatory Reporting",Cognizant Technology Solutions,"Toronto, ON"
regional development analyst,Mandi Guys Inc.,"London, ON"
Analyst II - Functional,Westlake Careers,"Vaughan, ON"
Reinsurance Analyst,RGA,"Montréal, QC"
database analyst,Budget T-Shirt Ltd.,"Coquitlam, BC"
Business Intelligence Analyst,Clio,"Hybrid work in Vancouver, BC"
"Senior Analyst, Business Renewables Centre Canada",The Pembina Institute,"Calgary, AB"
Quality Assurance & Regulatory Affairs Analyst,Intellijoint Surgical,"Hybrid work in Kitchener, ON"
Project Controls Analyst,AECOM,"Hybrid work in Calgary, AB"
Senior Digital Analyst,War Room Holdings,"Hybrid work in Vancouver, BC"
"Business Analyst, Consultant - Risk and Regulatory Reporting",Cognizant Technology Solutions,"Toronto, ON"
regional development analyst,Mandi Guys Inc.,"London, ON"
Analyst II - Functional,Westlake Careers,"Vaughan, ON"
Reinsurance Analyst,RGA,"Montréal, QC"
database analyst,Budget T-Shirt Ltd.,"Coquitlam, BC"
Business Intelligence Analyst,Clio,"Hybrid work in Vancouver, BC"
"Senior Analyst, Business Renewables Centre Canada",The Pembina Institute,"Calgary, AB"
Sales and Service Optimization Analyst,AutoTrader.ca,"Hybrid work in Greater Toronto Area, ON"
Senior Digital Analyst,War Room Holdings,"Hybrid work in Vancouver, BC"
Quality Assurance & Regulatory Affairs Analyst,Intellijoint Surgical,"Hybrid work in Kitchener, ON"
Project Controls Analyst,AECOM,"Hybrid work in Calgary, AB"
Logistics and Inventory Analyst,Irving Shipbuilding,"Halifax, NS"
Real Estate Lease Analyst & Reporting Specialist,Altus Group,"Toronto, ON"
Senior Business Analyst,Healthcare of Ontario Pension Plan (HOOPP),"Toronto, ON"
Business System Analyst,Virox Technologies Inc.,"Oakville, ON"
Ceridian Implementation - Data Analyst - 1 Year Contract,Trevor Frances Recruitment,"Hybrid work in Aurora, ON"
Part-Time Lecturer Master of Information Design and Data Visualization,Northeastern University,"Vancouver, BC"
Business Analyst - EDI,LBMX,"London, ON"
Actuarial Analyst,Ontario Medical Association,"Hybrid work in Toronto, ON"
Machine Learning Analyst Instructor (Sessional),Red Deer Polytechnic,"Red Deer, AB"
ADMN O 24R - Senior Contract Performance Analyst – Closing date extended,BC Public Service,British Columbia
GIS Analyst,Louisiana-Pacific Corporation,"Dawson Creek, BC"
Analyst Strategic Sourcing 18 months contract,Sobeys,"Mississauga, ON"
Manager of Business Intelligence,Canadian Addiction Treatment Centers,"Markham, ON"
Business Systems Architect/Analyst,SS&C,"Hybrid work in Toronto, ON"
Systems Analyst 7257-2512,Foilcon,"Toronto, ON"
Portfolio Construction Analyst,Fidelity Investments,"Toronto, ON"
Carbon Capture Analyst,Carbon Engineering Ltd.,"Squamish, BC"
Operations Analyst,Draiver,"Brampton, ON"
Sr. PMO Analyst,Sapiens,"Remote in Toronto, ON"
Real Estate Lease Analyst & Reporting Specialist,Altus Group,"Toronto, ON"
Senior Business Analyst,Healthcare of Ontario Pension Plan (HOOPP),"Toronto, ON"
BUSINESS ANALYST,SBX Solutions,"Brossard, QC"
Business Analyst- H/F/X,Société Générale,"Hybrid work in Montréal, QC"
"Business Analyst, Supply Chain",BRP,"Sherbrooke, QC"
Business System Analyst with Capital Market with EOL(End of Life) experience 10+Year,epsilonsolutions,"Toronto, ON"
information technology (IT) business analyst,Enterprise Analytics,"Remote in Georgetown, ON"
Ceridian Implementation - Data Analyst - 1 Year Contract,Trevor Frances Recruitment,"Hybrid work in Aurora, ON"
Part-Time Lecturer Master of Information Design and Data Visualization,Northeastern University,"Vancouver, BC"
Business Analyst - EDI,LBMX,"London, ON"
Actuarial Analyst,Ontario Medical Association,"Hybrid work in Toronto, ON"
Machine Learning Analyst Instructor (Sessional),Red Deer Polytechnic,"Red Deer, AB"
GIS Analyst,Louisiana-Pacific Corporation,"Dawson Creek, BC"
Analyst Strategic Sourcing 18 months contract,Sobeys,"Mississauga, ON"
ADMN O 24R - Senior Contract Performance Analyst – Closing date extended,BC Public Service,British Columbia
"Senior Analyst, Business Renewables Centre Canada",The Pembina Institute,"Calgary, AB"
Sales and Service Optimization Analyst,AutoTrader.ca,"Hybrid work in Greater Toronto Area, ON"
Senior Digital Analyst,War Room Holdings,"Hybrid work in Vancouver, BC"
Quality Assurance & Regulatory Affairs Analyst,Intellijoint Surgical,"Hybrid work in Kitchener, ON"
Project Controls Analyst,AECOM,"Hybrid work in Calgary, AB"
Logistics and Inventory Analyst,Irving Shipbuilding,"Halifax, NS"
Business System Analyst,Virox Technologies Inc.,"Oakville, ON"
Real Estate Lease Analyst & Reporting Specialist,Altus Group,"Toronto, ON"
Senior Business Analyst,Healthcare of Ontario Pension Plan (HOOPP),"Toronto, ON"
BUSINESS ANALYST,SBX Solutions,"Brossard, QC"
Business Analyst- H/F/X,Société Générale,"Hybrid work in Montréal, QC"
"Business Analyst, Supply Chain",BRP,"Sherbrooke, QC"
information technology (IT) business analyst,Enterprise Analytics,"Remote in Georgetown, ON"
Ceridian Implementation - Data Analyst - 1 Year Contract,Trevor Frances Recruitment,"Hybrid work in Aurora, ON"
Business System Analyst with Capital Market with EOL(End of Life) experience 10+Year,epsilonsolutions,"Toronto, ON"
Real Estate Lease Analyst & Reporting Specialist,Altus Group,"Toronto, ON"
Senior Business Analyst,Healthcare of Ontario Pension Plan (HOOPP),"Toronto, ON"
BUSINESS ANALYST,SBX Solutions,"Brossard, QC"
Business Analyst- H/F/X,Société Générale,"Hybrid work in Montréal, QC"
"Business Analyst, Supply Chain",BRP,"Sherbrooke, QC"
Business System Analyst with Capital Market with EOL(End of Life) experience 10+Year,epsilonsolutions,"Toronto, ON"
information technology (IT) business analyst,Enterprise Analytics,"Remote in Georgetown, ON"
Ceridian Implementation - Data Analyst - 1 Year Contract,Trevor Frances Recruitment,"Hybrid work in Aurora, ON"
Part-Time Lecturer Master of Information Design and Data Visualization,Northeastern University,"Vancouver, BC"
Business Analyst - EDI,LBMX,"London, ON"
Actuarial Analyst,Ontario Medical Association,"Hybrid work in Toronto, ON"
Machine Learning Analyst Instructor (Sessional),Red Deer Polytechnic,"Red Deer, AB"
GIS Analyst,Louisiana-Pacific Corporation,"Dawson Creek, BC"
Analyst Strategic Sourcing 18 months contract,Sobeys,"Mississauga, ON"
ADMN O 24R - Senior Contract Performance Analyst – Closing date extended,BC Public Service,British Columbia
Actuarial Analyst,Ontario Medical Association,"Hybrid work in Toronto, ON"
Machine Learning Analyst Instructor (Sessional),Red Deer Polytechnic,"Red Deer, AB"
ADMN O 24R - Senior Contract Performance Analyst – Closing date extended,BC Public Service,British Columbia
GIS Analyst,Louisiana-Pacific Corporation,"Dawson Creek, BC"
Analyst Strategic Sourcing 18 months contract,Sobeys,"Mississauga, ON"
Manager of Business Intelligence,Canadian Addiction Treatment Centers,"Markham, ON"
Business Systems Architect/Analyst,SS&C,"Hybrid work in Toronto, ON"
Systems Analyst 7257-2512,Foilcon,"Toronto, ON"
Portfolio Construction Analyst,Fidelity Investments,"Toronto, ON"
Sr. PMO Analyst,Sapiens,"Remote in Toronto, ON"
Carbon Capture Analyst,Carbon Engineering Ltd.,"Squamish, BC"
Operations Analyst,Draiver,"Brampton, ON"
IT Business Process Analyst,Ground Effects Ltd.,"Windsor, ON"
business systems analyst,D2SOL CANADA INC,"Ottawa, ON"
Non-Union – Business Intelligence IT Analyst,Lennox and Addington County General Hospital,"Greater Napanee, ON"
Real Estate Lease Analyst & Reporting Specialist,Altus Group,"Toronto, ON"
Senior Business Analyst,Healthcare of Ontario Pension Plan (HOOPP),"Toronto, ON"
BUSINESS ANALYST,SBX Solutions,"Brossard, QC"
Business Analyst- H/F/X,Société Générale,"Hybrid work in Montréal, QC"
"Business Analyst, Supply Chain",BRP,"Sherbrooke, QC"
Business System Analyst with Capital Market with EOL(End of Life) experience 10+Year,epsilonsolutions,"Toronto, ON"
information technology (IT) business analyst,Enterprise Analytics,"Remote in Georgetown, ON"
Ceridian Implementation - Data Analyst - 1 Year Contract,Trevor Frances Recruitment,"Hybrid work in Aurora, ON"
Part-Time Lecturer Master of Information Design and Data Visualization,Northeastern University,"Vancouver, BC"
Business Analyst - EDI,LBMX,"London, ON"
Actuarial Analyst,Ontario Medical Association,"Hybrid work in Toronto, ON"
Machine Learning Analyst Instructor (Sessional),Red Deer Polytechnic,"Red Deer, AB"
GIS Analyst,Louisiana-Pacific Corporation,"Dawson Creek, BC"
Analyst Strategic Sourcing 18 months contract,Sobeys,"Mississauga, ON"
ADMN O 24R - Senior Contract Performance Analyst – Closing date extended,BC Public Service,British Columbia
Project Controls Analyst,AECOM,"Hybrid work in Calgary, AB"
Logistics and Inventory Analyst,Irving Shipbuilding,"Halifax, NS"
Business System Analyst,Virox Technologies Inc.,"Oakville, ON"
Real Estate Lease Analyst & Reporting Specialist,Altus Group,"Toronto, ON"
Senior Business Analyst,Healthcare of Ontario Pension Plan (HOOPP),"Toronto, ON"
BUSINESS ANALYST,SBX Solutions,"Brossard, QC"
Business Analyst- H/F/X,Société Générale,"Hybrid work in Montréal, QC"
"Business Analyst, Supply Chain",BRP,"Sherbrooke, QC"
Business System Analyst with Capital Market with EOL(End of Life) experience 10+Year,epsilonsolutions,"Toronto, ON"
information technology (IT) business analyst,Enterprise Analytics,"Remote in Georgetown, ON"
Ceridian Implementation - Data Analyst - 1 Year Contract,Trevor Frances Recruitment,"Hybrid work in Aurora, ON"
Part-Time Lecturer Master of Information Design and Data Visualization,Northeastern University,"Vancouver, BC"
Actuarial Analyst,Ontario Medical Association,"Hybrid work in Toronto, ON"
Machine Learning Analyst Instructor (Sessional),Red Deer Polytechnic,"Red Deer, AB"
Business Analyst - EDI,LBMX,"London, ON"
Business Intelligence Analyst,Clio,"Hybrid work in Vancouver, BC"
"Senior Analyst, Business Renewables Centre Canada",The Pembina Institute,"Calgary, AB"
Senior Digital Analyst,War Room Holdings,"Hybrid work in Vancouver, BC"
Quality Assurance & Regulatory Affairs Analyst,Intellijoint Surgical,"Hybrid work in Kitchener, ON"
Project Controls Analyst,AECOM,"Hybrid work in Calgary, AB"
Logistics and Inventory Analyst,Irving Shipbuilding,"Halifax, NS"
Business System Analyst,Virox Technologies Inc.,"Oakville, ON"
Real Estate Lease Analyst & Reporting Specialist,Altus Group,"Toronto, ON"
Senior Business Analyst,Healthcare of Ontario Pension Plan (HOOPP),"Toronto, ON"
BUSINESS ANALYST,SBX Solutions,"Brossard, QC"
Business Analyst- H/F/X,Société Générale,"Hybrid work in Montréal, QC"
"Business Analyst, Supply Chain",BRP,"Sherbrooke, QC"
information technology (IT) business analyst,Enterprise Analytics,"Remote in Georgetown, ON"
Ceridian Implementation - Data Analyst - 1 Year Contract,Trevor Frances Recruitment,"Hybrid work in Aurora, ON"
Business System Analyst with Capital Market with EOL(End of Life) experience 10+Year,epsilonsolutions,"Toronto, ON"
Reinsurance Analyst,RGA,"Montréal, QC"
database analyst,Budget T-Shirt Ltd.,"Coquitlam, BC"
Business Intelligence Analyst,Clio,"Hybrid work in Vancouver, BC"
"Senior Analyst, Business Renewables Centre Canada",The Pembina Institute,"Calgary, AB"
Sales and Service Optimization Analyst,AutoTrader.ca,"Hybrid work in Greater Toronto Area, ON"
Senior Digital Analyst,War Room Holdings,"Hybrid work in Vancouver, BC"
Quality Assurance & Regulatory Affairs Analyst,Intellijoint Surgical,"Hybrid work in Kitchener, ON"
Project Controls Analyst,AECOM,"Hybrid work in Calgary, AB"
Logistics and Inventory Analyst,Irving Shipbuilding,"Halifax, NS"
Business System Analyst,Virox Technologies Inc.,"Oakville, ON"
Real Estate Lease Analyst & Reporting Specialist,Altus Group,"Toronto, ON"
Senior Business Analyst,Healthcare of Ontario Pension Plan (HOOPP),"Toronto, ON"
Business Analyst- H/F/X,Société Générale,"Hybrid work in Montréal, QC"
"Business Analyst, Supply Chain",BRP,"Sherbrooke, QC"
BUSINESS ANALYST,SBX Solutions,"Brossard, QC"
Real Estate Lease Analyst & Reporting Specialist,Altus Group,"Toronto, ON"
Senior Business Analyst,Healthcare of Ontario Pension Plan (HOOPP),"Toronto, ON"
BUSINESS ANALYST,SBX Solutions,"Brossard, QC"
Business Analyst- H/F/X,Société Générale,"Hybrid work in Montréal, QC"
"Business Analyst, Supply Chain",BRP,"Sherbrooke, QC"
Business System Analyst with Capital Market with EOL(End of Life) experience 10+Year,epsilonsolutions,"Toronto, ON"
information technology (IT) business analyst,Enterprise Analytics,"Remote in Georgetown, ON"
Ceridian Implementation - Data Analyst - 1 Year Contract,Trevor Frances Recruitment,"Hybrid work in Aurora, ON"
Part-Time Lecturer Master of Information Design and Data Visualization,Northeastern University,"Vancouver, BC"
Business Analyst - EDI,LBMX,"London, ON"
Actuarial Analyst,Ontario Medical Association,"Hybrid work in Toronto, ON"
Machine Learning Analyst Instructor (Sessional),Red Deer Polytechnic,"Red Deer, AB"
GIS Analyst,Louisiana-Pacific Corporation,"Dawson Creek, BC"
Analyst Strategic Sourcing 18 months contract,Sobeys,"Mississauga, ON"
ADMN O 24R - Senior Contract Performance Analyst – Closing date extended,BC Public Service,British Columbia
regional development analyst,Mandi Guys Inc.,"London, ON"
Analyst II - Functional,Westlake Careers,"Vaughan, ON"
Reinsurance Analyst,RGA,"Montréal, QC"
database analyst,Budget T-Shirt Ltd.,"Coquitlam, BC"
Business Intelligence Analyst,Clio,"Hybrid work in Vancouver, BC"
"Senior Analyst, Business Renewables Centre Canada",The Pembina Institute,"Calgary, AB"
Senior Digital Analyst,War Room Holdings,"Hybrid work in Vancouver, BC"
Quality Assurance & Regulatory Affairs Analyst,Intellijoint Surgical,"Hybrid work in Kitchener, ON"
Project Controls Analyst,AECOM,"Hybrid work in Calgary, AB"
Logistics and Inventory Analyst,Irving Shipbuilding,"Halifax, NS"
Business System Analyst,Virox Technologies Inc.,"Oakville, ON"
Real Estate Lease Analyst & Reporting Specialist,Altus Group,"Toronto, ON"
BUSINESS ANALYST,SBX Solutions,"Brossard, QC"
Business Analyst- H/F/X,Société Générale,"Hybrid work in Montréal, QC"
Senior Business Analyst,Healthcare of Ontario Pension Plan (HOOPP),"Toronto, ON"
Manager of Business Intelligence,Canadian Addiction Treatment Centers,"Markham, ON"
Business Systems Architect/Analyst,SS&C,"Hybrid work in Toronto, ON"
Systems Analyst 7257-2512,Foilcon,"Toronto, ON"
Portfolio Construction Analyst,Fidelity Investments,"Toronto, ON"
Sr. PMO Analyst,Sapiens,"Remote in Toronto, ON"
Carbon Capture Analyst,Carbon Engineering Ltd.,"Squamish, BC"
Operations Analyst,Draiver,"Brampton, ON"
Non-Union – Business Intelligence IT Analyst,Lennox and Addington County General Hospital,"Greater Napanee, ON"
IT Business Process Analyst,Ground Effects Ltd.,"Windsor, ON"
business systems analyst,D2SOL CANADA INC,"Ottawa, ON"
Business Development Analyst,NorLand Limited,"Burnaby, BC"
Information Privacy Analyst,University of Waterloo,"Waterloo, ON"
sales analyst,LOAD KING TRANSPORT INC.,"Woodbridge, ON"
Business Systems Analyst,KF Aerospace,"Kelowna, BC"
database analyst,Falcon Consultech Services Inc,"Calgary, AB"
Real Estate Lease Analyst & Reporting Specialist,Altus Group,"Toronto, ON"
Senior Business Analyst,Healthcare of Ontario Pension Plan (HOOPP),"Toronto, ON"
BUSINESS ANALYST,SBX Solutions,"Brossard, QC"
Business Analyst- H/F/X,Société Générale,"Hybrid work in Montréal, QC"
"Business Analyst, Supply Chain",BRP,"Sherbrooke, QC"
Business System Analyst with Capital Market with EOL(End of Life) experience 10+Year,epsilonsolutions,"Toronto, ON"
information technology (IT) business analyst,Enterprise Analytics,"Remote in Georgetown, ON"
Ceridian Implementation - Data Analyst - 1 Year Contract,Trevor Frances Recruitment,"Hybrid work in Aurora, ON"
Part-Time Lecturer Master of Information Design and Data Visualization,Northeastern University,"Vancouver, BC"
Business Analyst - EDI,LBMX,"London, ON"
Actuarial Analyst,Ontario Medical Association,"Hybrid work in Toronto, ON"
Machine Learning Analyst Instructor (Sessional),Red Deer Polytechnic,"Red Deer, AB"
GIS Analyst,Louisiana-Pacific Corporation,"Dawson Creek, BC"
Analyst Strategic Sourcing 18 months contract,Sobeys,"Mississauga, ON"
ADMN O 24R - Senior Contract Performance Analyst – Closing date extended,BC Public Service,British Columbia
Analyst Strategic Sourcing 18 months contract,Sobeys,"Mississauga, ON"
Manager of Business Intelligence,Canadian Addiction Treatment Centers,"Markham, ON"
Business Systems Architect/Analyst,SS&C,"Hybrid work in Toronto, ON"
Systems Analyst 7257-2512,Foilcon,"Toronto, ON"
Portfolio Construction Analyst,Fidelity Investments,"Toronto, ON"
Sr. PMO Analyst,Sapiens,"Remote in Toronto, ON"
Carbon Capture Analyst,Carbon Engineering Ltd.,"Squamish, BC"
Operations Analyst,Draiver,"Brampton, ON"
Non-Union – Business Intelligence IT Analyst,Lennox and Addington County General Hospital,"Greater Napanee, ON"
IT Business Process Analyst,Ground Effects Ltd.,"Windsor, ON"
business systems analyst,D2SOL CANADA INC,"Ottawa, ON"
Business Development Analyst,NorLand Limited,"Burnaby, BC"
database analyst,Falcon Consultech Services Inc,"Calgary, AB"
sales analyst,LOAD KING TRANSPORT INC.,"Woodbridge, ON"
Information Privacy Analyst,University of Waterloo,"Waterloo, ON"
regional development analyst,Mandi Guys Inc.,"London, ON"
Analyst II - Functional,Westlake Careers,"Vaughan, ON"
Reinsurance Analyst,RGA,"Montréal, QC"
database analyst,Budget T-Shirt Ltd.,"Coquitlam, BC"
Business Intelligence Analyst,Clio,"Hybrid work in Vancouver, BC"
"Senior Analyst, Business Renewables Centre Canada",The Pembina Institute,"Calgary, AB"
Senior Digital Analyst,War Room Holdings,"Hybrid work in Vancouver, BC"
Quality Assurance & Regulatory Affairs Analyst,Intellijoint Surgical,"Hybrid work in Kitchener, ON"
Project Controls Analyst,AECOM,"Hybrid work in Calgary, AB"
Logistics and Inventory Analyst,Irving Shipbuilding,"Halifax, NS"
Business System Analyst,Virox Technologies Inc.,"Oakville, ON"
Real Estate Lease Analyst & Reporting Specialist,Altus Group,"Toronto, ON"
BUSINESS ANALYST,SBX Solutions,"Brossard, QC"
Business Analyst- H/F/X,Société Générale,"Hybrid work in Montréal, QC"
Senior Business Analyst,Healthcare of Ontario Pension Plan (HOOPP),"Toronto, ON"
Operation Support Services Analyst,Toronto Hydro,"Hybrid work in Toronto, ON"
Business Operations Analyst,Nanometrics Inc,"Ottawa, ON"
Business Analyst,FortNine,"Hybrid work in Montréal, QC"
Business Intelligence Specialist 7254-2512,Foilcon,"Toronto, ON"
"Business Analyst, Consultant - Risk and Regulatory Reporting",Cognizant Technology Solutions,"Toronto, ON"
regional development analyst,Mandi Guys Inc.,"London, ON"
Analyst II - Functional,Westlake Careers,"Vaughan, ON"
Reinsurance Analyst,RGA,"Montréal, QC"
database analyst,Budget T-Shirt Ltd.,"Coquitlam, BC"
Business Intelligence Analyst,Clio,"Hybrid work in Vancouver, BC"
"Senior Analyst, Business Renewables Centre Canada",The Pembina Institute,"Calgary, AB"
Sales and Service Optimization Analyst,AutoTrader.ca,"Hybrid work in Greater Toronto Area, ON"
Quality Assurance & Regulatory Affairs Analyst,Intellijoint Surgical,"Hybrid work in Kitchener, ON"
Project Controls Analyst,AECOM,"Hybrid work in Calgary, AB"
Senior Digital Analyst,War Room Holdings,"Hybrid work in Vancouver, BC"
Senior Business Analyst,Healthcare of Ontario Pension Plan (HOOPP),"Toronto, ON"
BUSINESS ANALYST,SBX Solutions,"Brossard, QC"
Business Analyst- H/F/X,Société Générale,"Hybrid work in Montréal, QC"
"Business Analyst, Supply Chain",BRP,"Sherbrooke, QC"
Business System Analyst with Capital Market with EOL(End of Life) experience 10+Year,epsilonsolutions,"Toronto, ON"
information technology (IT) business analyst,Enterprise Analytics,"Remote in Georgetown, ON"
Ceridian Implementation - Data Analyst - 1 Year Contract,Trevor Frances Recruitment,"Hybrid work in Aurora, ON"
Part-Time Lecturer Master of Information Design and Data Visualization,Northeastern University,"Vancouver, BC"
Business Analyst - EDI,LBMX,"London, ON"
Actuarial Analyst,Ontario Medical Association,"Hybrid work in Toronto, ON"
Machine Learning Analyst Instructor (Sessional),Red Deer Polytechnic,"Red Deer, AB"
ADMN O 24R - Senior Contract Performance Analyst – Closing date extended,BC Public Service,British Columbia
Analyst Strategic Sourcing 18 months contract,Sobeys,"Mississauga, ON"
Manager of Business Intelligence,Canadian Addiction Treatment Centers,"Markham, ON"
GIS Analyst,Louisiana-Pacific Corporation,"Dawson Creek, BC"
Real Estate Lease Analyst & Reporting Specialist,Altus Group,"Toronto, ON"
Senior Business Analyst,Healthcare of Ontario Pension Plan (HOOPP),"Toronto, ON"
BUSINESS ANALYST,SBX Solutions,"Brossard, QC"
Business Analyst- H/F/X,Société Générale,"Hybrid work in Montréal, QC"
"Business Analyst, Supply Chain",BRP,"Sherbrooke, QC"
Business System Analyst with Capital Market with EOL(End of Life) experience 10+Year,epsilonsolutions,"Toronto, ON"
information technology (IT) business analyst,Enterprise Analytics,"Remote in Georgetown, ON"
Ceridian Implementation - Data Analyst - 1 Year Contract,Trevor Frances Recruitment,"Hybrid work in Aurora, ON"
Part-Time Lecturer Master of Information Design and Data Visualization,Northeastern University,"Vancouver, BC"
Business Analyst - EDI,LBMX,"London, ON"
Actuarial Analyst,Ontario Medical Association,"Hybrid work in Toronto, ON"
Machine Learning Analyst Instructor (Sessional),Red Deer Polytechnic,"Red Deer, AB"
GIS Analyst,Louisiana-Pacific Corporation,"Dawson Creek, BC"
Analyst Strategic Sourcing 18 months contract,Sobeys,"Mississauga, ON"
ADMN O 24R - Senior Contract Performance Analyst – Closing date extended,BC Public Service,British Columbia
Real Estate Lease Analyst & Reporting Specialist,Altus Group,"Toronto, ON"
Senior Business Analyst,Healthcare of Ontario Pension Plan (HOOPP),"Toronto, ON"
BUSINESS ANALYST,SBX Solutions,"Brossard, QC"
Business Analyst- H/F/X,Société Générale,"Hybrid work in Montréal, QC"
"Business Analyst, Supply Chain",BRP,"Sherbrooke, QC"
Business System Analyst with Capital Market with EOL(End of Life) experience 10+Year,epsilonsolutions,"Toronto, ON"
information technology (IT) business analyst,Enterprise Analytics,"Remote in Georgetown, ON"
Ceridian Implementation - Data Analyst - 1 Year Contract,Trevor Frances Recruitment,"Hybrid work in Aurora, ON"
Part-Time Lecturer Master of Information Design and Data Visualization,Northeastern University,"Vancouver, BC"
Business Analyst - EDI,LBMX,"London, ON"
Actuarial Analyst,Ontario Medical Association,"Hybrid work in Toronto, ON"
Machine Learning Analyst Instructor (Sessional),Red Deer Polytechnic,"Red Deer, AB"
GIS Analyst,Louisiana-Pacific Corporation,"Dawson Creek, BC"
Analyst Strategic Sourcing 18 months contract,Sobeys,"Mississauga, ON"
ADMN O 24R - Senior Contract Performance Analyst – Closing date extended,BC Public Service,British Columbia
Manager of Business Intelligence,Canadian Addiction Treatment Centers,"Markham, ON"
Business Systems Architect/Analyst,SS&C,"Hybrid work in Toronto, ON"
Systems Analyst 7257-2512,Foilcon,"Toronto, ON"
Portfolio Construction Analyst,Fidelity Investments,"Toronto, ON"
Sr. PMO Analyst,Sapiens,"Remote in Toronto, ON"
Carbon Capture Analyst,Carbon Engineering Ltd.,"Squamish, BC"
Operations Analyst,Draiver,"Brampton, ON"
Non-Union – Business Intelligence IT Analyst,Lennox and Addington County General Hospital,"Greater Napanee, ON"
IT Business Process Analyst,Ground Effects Ltd.,"Windsor, ON"
business systems analyst,D2SOL CANADA INC,"Ottawa, ON"
Business Development Analyst,NorLand Limited,"Burnaby, BC"
Information Privacy Analyst,University of Waterloo,"Waterloo, ON"
sales analyst,LOAD KING TRANSPORT INC.,"Woodbridge, ON"
Business Systems Analyst,KF Aerospace,"Kelowna, BC"
database analyst,Falcon Consultech Services Inc,"Calgary, AB"
